﻿,actor(s),movie_title,genre,worldwide_box_office
0,Avatar,"Michelle Rodriguez,Sam Worthington,Sigourney Weaver",Action,2845899541
1,Avengers: Endgame,"Benedict Cumberbatch,Bradley Cooper,Brie Larson,Chadwick Boseman,Chris Evans,Chris Hemsworth,Dave Bautista,Don Cheadle,Elizabeth Olsen,Evangeline Lilly,Gwyneth Paltrow,Hayley Atwell,Jeremy Renner,Jon Favreau,Josh Brolin,Karen Gillan,Katherine Langford,Le",Action,2797800564
2,Avengers: Infinity War,"Angela Bassett,Benedict Cumberbatch,Benicio Del Toro,Bradley Cooper,Carrie Coon,Chadwick Boseman,Chris Evans,Chris Hemsworth,Chris Pratt,Cobie Smulders,Danai Gurira,Dave Bautista,Don Cheadle,Elizabeth Olsen,Gwyneth Paltrow,Josh Brolin,Karen Gillan,Letiti",Action,2048359754
3,Spider-Man: No Way Home,"Alfred Molina,Angourie Rice,Anthony Quinonez,Benedict Cumberbatch,J.K. Simmons,Jacob Batalon,Jamie Foxx,Marisa Tomei,Martin Starr,Tom Holland,Zendaya",Action,1885216153
4,Jurassic World,"B.D. Wong,BD Wong,Bryce Dallas Howard,Chris Pratt,Irrfan Khan,Judy Greer,Omar Sy,Ty Simpkins,Vincent D'Onofrio",Action,1669979967
5,The Lion King,"Alfre Woodard,Amy Sedaris,BeyoncÃƒÂ© Knowles,Billy Eichner,Chiwetel Ejiofor,Donald Glover,Eric AndrÃƒÂ©,Florence Kasumba,James Earl Jones,JD McCrary,John Kani,John Oliver,Keegan-Michael Key,Seth Rogen,Shahadi Wright Joseph",Adventure,1654367425
6,Furious 7,"Dwayne Johnson,Jason Statham,Paul Walker,Tyrese Gibson,Vin Diesel",Action,1516881526
7,The Avengers,"Chris Evans,Jeremy Renner,Robert Downey Jr.,Scarlett Johansson",Action,1515100211
8,Frozen II,"Alan Tudyk,Alfred Molina,CiarÃƒÂ¡n Hinds,Evan Rachel Wood,Idina Menzel,Jason Ritter,Jeremy Sisto,Jonathan Groff,Josh Gad,Kristen Bell,Martha Plimpton,Rachel Matthews,Santino Fontana,Sterling K. Brown",Adventure,1445182280
9,Avengers: Age of Ultron,"Chris Evans,Chris Hemsworth,James Spader,Jeremy Renner,Mark Ruffalo,Robert Downey Jr.,Samuel L. Jackson,Scarlett Johansson",Action,1395316979
