﻿,worldwide_box_office,genre,titlemovies,actors
0,2845899541,Action,Avatar,"Michelle Rodriguez,Sam Worthington,Sigourney Weaver"
1,2797800564,Action,Avengers: Endgame,"Benedict Cumberbatch,Bradley Cooper,Brie Larson,Chadwick Boseman,Chris Evans,Chris Hemsworth,Dave Bautista,Don Cheadle,Elizabeth Olsen,Evangeline Lilly,Gwyneth Paltrow,Hayley Atwell,Jeremy Renner,Jon Favreau,Josh Brolin,Karen Gillan,Katherine Langford,Le"
2,2048359754,Action,Avengers: Infinity War,"Angela Bassett,Benedict Cumberbatch,Benicio Del Toro,Bradley Cooper,Carrie Coon,Chadwick Boseman,Chris Evans,Chris Hemsworth,Chris Pratt,Cobie Smulders,Danai Gurira,Dave Bautista,Don Cheadle,Elizabeth Olsen,Gwyneth Paltrow,Josh Brolin,Karen Gillan,Letiti"
3,1885216153,Action,Spider-Man: No Way Home,"Alfred Molina,Angourie Rice,Anthony Quinonez,Benedict Cumberbatch,J.K. Simmons,Jacob Batalon,Jamie Foxx,Marisa Tomei,Martin Starr,Tom Holland,Zendaya"
4,1669979967,Action,Jurassic World,"B.D. Wong,BD Wong,Bryce Dallas Howard,Chris Pratt,Irrfan Khan,Judy Greer,Omar Sy,Ty Simpkins,Vincent D'Onofrio"
